board id	file id	design	level	batch position	accuracy	target	lag to typing	lag to description	reaction time	n tokens	n adjectives	n adverbs	n nouns
173	2422.jsonl	no_feedback	hard	1	1	I	-1	90	10	14	2	0	3
172	2422.jsonl	no_feedback	hard	2	1	Z	-1	64	15	16	2	0	4
198	2422.jsonl	no_feedback	hard	3	1	Y	-1	68	20	15	3	0	3
115	2422.jsonl	no_feedback	hard	4	1	W	-1	43	16	14	1	0	4
248	2422.jsonl	no_feedback	medium	5	0	Y	-1	48	25	10	0	0	4
171	2422.jsonl	no_feedback	hard	6	1	F	-1	31	8	8	1	1	2
284	2422.jsonl	no_feedback	medium	7	1	X	-1	20	10	9	0	0	3
225	2422.jsonl	no_feedback	medium	8	1	V	-1	24	16	9	0	0	2
290	2422.jsonl	no_feedback	medium	9	1	X	-1	20	6	8	1	0	2
105	2422.jsonl	no_feedback	hard	10	1	U	-1	21	9	9	1	0	3
187	2422.jsonl	no_feedback	hard	11	1	F	-1	11	4	4	2	0	1
96	2422.jsonl	no_feedback	easy	12	1	V	-1	17	5	7	1	1	2
80	2422.jsonl	no_feedback	easy	13	1	Y	-1	14	16	7	1	0	3
87	2422.jsonl	no_feedback	easy	14	1	I	-1	7	2	4	2	0	1
71	2422.jsonl	no_feedback	easy	15	1	Z	-1	8	94	3	1	0	1
208	2422.jsonl	no_feedback	medium	16	1	L	-1	12	6	6	1	0	2
44	2422.jsonl	no_feedback	easy	17	1	U	-1	8	2	4	1	0	2
99	2422.jsonl	no_feedback	easy	18	1	L	-1	7	2	4	0	0	1
162	2422.jsonl	no_feedback	hard	19	1	Z	-1	13	5	8	2	0	3
79	2422.jsonl	no_feedback	easy	20	1	P	-1	20	6	6	1	0	2
206	2422.jsonl	no_feedback	medium	21	1	X	-1	12	4	7	0	0	2
133	2422.jsonl	no_feedback	hard	22	1	P	-1	17	6	6	1	0	2
23	2422.jsonl	no_feedback	easy	23	1	L	-1	8	7	5	0	0	2
246	2422.jsonl	no_feedback	medium	24	1	W	-1	7	2	5	1	0	2
228	2422.jsonl	no_feedback	medium	25	1	V	-1	29	8	10	2	0	3
184	2422.jsonl	no_feedback	hard	26	1	W	-1	14	6	7	0	0	4
263	2422.jsonl	no_feedback	medium	27	1	X	-1	7	4	5	2	0	1
167	2422.jsonl	no_feedback	hard	28	1	Y	-1	16	7	9	1	0	2
11	2422.jsonl	no_feedback	easy	29	1	V	-1	13	3	4	1	1	1
81	2422.jsonl	no_feedback	easy	30	1	P	-1	26	9	7	2	0	2
264	2422.jsonl	no_feedback	medium	31	1	V	-1	13	4	7	1	1	2
251	2422.jsonl	no_feedback	medium	32	1	P	-1	18	3	5	0	0	1
240	2422.jsonl	no_feedback	medium	33	1	Z	-1	10	17	7	1	0	2
0	2422.jsonl	no_feedback	easy	34	1	T	-1	7	2	4	0	1	1
116	2422.jsonl	no_feedback	hard	35	1	Z	-1	16	6	9	0	0	3
237	2422.jsonl	no_feedback	medium	36	1	X	-1	16	12	8	2	0	2
22	2422.jsonl	no_feedback	easy	37	1	W	-1	35	17	8	0	0	3
59	2422.jsonl	no_feedback	easy	38	1	X	-1	12	9	8	1	0	3
104	2422.jsonl	no_feedback	hard	39	1	N	-1	16	9	10	1	0	4
298	2422.jsonl	no_feedback	medium	40	1	L	-1	14	5	10	2	0	2
128	2422.jsonl	no_feedback	hard	41	1	P	-1	18	13	8	0	0	3
150	2422.jsonl	no_feedback	hard	42	1	Z	-1	17	14	9	1	1	3
3	2422.jsonl	no_feedback	easy	43	1	I	-1	21	7	7	1	1	2
76	2422.jsonl	no_feedback	easy	44	1	I	-1	12	12	9	2	0	3
190	2422.jsonl	no_feedback	hard	45	1	X	-1	22	12	9	1	0	2
51	2422.jsonl	no_feedback	easy	46	1	N	-1	13	10	10	1	0	5
250	2422.jsonl	no_feedback	medium	47	1	F	-1	14	16	8	1	0	2
245	2422.jsonl	no_feedback	medium	48	1	T	-1	4	2	4	1	1	1
9	2422.jsonl	no_feedback	easy	49	1	Y	-1	10	8	8	1	0	2
213	2422.jsonl	no_feedback	medium	50	1	W	-1	11	4	7	2	1	2
239	2422.jsonl	no_feedback	medium	51	1	Z	-1	56	16	10	2	0	4
34	2422.jsonl	no_feedback	easy	52	1	U	-1	5	3	4	1	1	1
252	2422.jsonl	no_feedback	medium	53	1	X	-1	7	2	4	1	0	1
274	2422.jsonl	no_feedback	medium	54	1	P	-1	9	9	7	2	0	2
243	2422.jsonl	no_feedback	medium	55	1	U	-1	9	9	7	1	0	2
169	2422.jsonl	no_feedback	hard	56	1	Z	-1	11	4	4	2	0	1
214	2422.jsonl	no_feedback	medium	57	1	X	-1	19	3	4	0	0	2
41	2422.jsonl	no_feedback	easy	58	1	I	-1	5	5	4	2	0	1
93	2422.jsonl	no_feedback	easy	59	1	V	-1	12	4	5	1	0	2
260	2422.jsonl	no_feedback	medium	60	0	V	-1	7	11	5	3	0	1
296	2422.jsonl	no_feedback	medium	61	1	U	-1	19	6	6	1	0	2
163	2422.jsonl	no_feedback	hard	62	1	I	-1	14	18	9	2	0	3
94	2422.jsonl	no_feedback	easy	63	1	I	-1	13	5	8	3	0	2
212	2422.jsonl	no_feedback	medium	64	1	X	-1	7	13	4	0	0	2
19	2422.jsonl	no_feedback	easy	65	1	N	-1	10	10	4	1	0	2
12	2422.jsonl	no_feedback	easy	66	1	F	-1	15	14	8	1	0	3
54	2422.jsonl	no_feedback	easy	67	1	T	-1	16	6	5	2	0	2
141	2422.jsonl	no_feedback	hard	68	1	N	-1	9	12	9	2	0	3
221	2422.jsonl	no_feedback	medium	69	0	L	-1	18	15	9	0	0	3
13	2422.jsonl	no_feedback	easy	70	1	F	-1	13	6	7	1	0	2
222	2422.jsonl	no_feedback	medium	71	1	X	-1	10	5	5	0	0	3
49	2422.jsonl	no_feedback	easy	72	1	N	-1	12	10	7	2	0	3
207	2422.jsonl	no_feedback	medium	73	1	T	-1	12	7	7	1	0	2
191	2422.jsonl	no_feedback	hard	74	1	X	-1	16	6	12	0	0	3
126	2422.jsonl	no_feedback	hard	75	1	W	-1	21	11	9	1	0	2
31	2422.jsonl	no_feedback	easy	76	1	Y	-1	11	6	8	0	0	2
258	2422.jsonl	no_feedback	medium	77	0	U	-1	35	25	9	0	0	3
70	2422.jsonl	no_feedback	easy	78	1	N	-1	5	33	4	2	0	1
60	2422.jsonl	no_feedback	easy	79	1	W	-1	6	16	4	1	1	1
0	2447.jsonl	feedback	easy	1	1	T	-1	27	3	5	0	1	2
76	2447.jsonl	feedback	easy	2	1	I	-1	32	6	7	4	0	2
197	2447.jsonl	feedback	hard	3	1	N	-1	70	11	13	2	0	5
292	2447.jsonl	feedback	medium	4	1	X	-1	23	5	10	1	1	2
182	2447.jsonl	feedback	hard	5	1	L	-1	40	7	12	2	0	3
269	2447.jsonl	feedback	medium	6	1	V	-1	24	5	6	1	0	2
107	2447.jsonl	feedback	hard	7	1	W	-1	40	23	12	3	0	3
206	2447.jsonl	feedback	medium	8	1	X	-1	36	12	9	1	0	2
93	2447.jsonl	feedback	easy	9	1	V	-1	48	11	8	1	0	3
184	2447.jsonl	feedback	hard	10	1	W	-1	31	11	13	3	0	2
67	2447.jsonl	feedback	easy	11	1	P	-1	43	5	10	1	0	3
156	2447.jsonl	feedback	hard	12	1	I	-1	41	6	7	4	0	2
92	2447.jsonl	feedback	easy	13	1	Z	-1	17	4	3	1	0	1
14	2447.jsonl	feedback	easy	14	1	W	-1	14	3	4	1	0	1
245	2447.jsonl	feedback	medium	15	1	T	-1	9	4	4	0	0	1
286	2447.jsonl	feedback	medium	16	1	X	-1	13	2	3	1	0	0
225	2447.jsonl	feedback	medium	17	1	V	-1	87	9	18	2	0	5
104	2447.jsonl	feedback	hard	18	1	N	-1	22	7	9	3	0	3
82	2447.jsonl	feedback	easy	19	1	V	-1	12	2	5	2	0	2
83	2447.jsonl	feedback	easy	20	1	N	-1	11	15	7	0	1	2
157	2448.jsonl	confirm_selection	hard	1	1	V	-1	62	8	8	2	0	2
299	2448.jsonl	confirm_selection	medium	2	1	L	-1	35	26	9	4	0	2
132	2448.jsonl	confirm_selection	hard	3	1	I	-1	26	7	10	3	0	2
112	2448.jsonl	confirm_selection	hard	4	1	N	-1	71	14	12	4	0	1
90	2448.jsonl	confirm_selection	easy	5	1	V	-1	45	7	10	1	0	4
91	2448.jsonl	confirm_selection	easy	6	1	W	-1	6	3	2	1	0	1
216	2448.jsonl	confirm_selection	medium	7	1	Y	-1	13	3	5	2	0	1
79	2448.jsonl	confirm_selection	easy	8	1	P	-1	21	12	9	1	0	4
56	2448.jsonl	confirm_selection	easy	9	1	P	-1	6	2	2	0	0	2
73	2448.jsonl	confirm_selection	easy	10	1	L	-1	9	2	3	0	1	1
211	2448.jsonl	confirm_selection	medium	11	1	I	-1	27	4	6	2	0	2
16	2448.jsonl	confirm_selection	easy	12	1	I	-1	37	7	9	4	0	2
20	2448.jsonl	confirm_selection	easy	13	1	X	-1	17	6	7	0	1	3
253	2448.jsonl	confirm_selection	medium	14	1	Z	-1	31	12	13	2	1	4
187	2448.jsonl	confirm_selection	hard	15	1	F	-1	21	10	21	4	0	6
141	2448.jsonl	confirm_selection	hard	16	1	N	-1	42	8	9	2	0	2
266	2448.jsonl	confirm_selection	medium	17	1	W	-1	35	5	7	1	1	2
279	2448.jsonl	confirm_selection	medium	18	1	P	-1	30	8	7	2	1	2
106	2448.jsonl	confirm_selection	hard	19	1	Y	-1	21	13	10	2	2	3
14	2448.jsonl	confirm_selection	easy	20	1	W	-1	24	9	4	2	1	1
49	2464.jsonl	show_gripper	easy	1	0	N	-1	77	8	17	3	0	4
63	2464.jsonl	show_gripper	easy	2	0	L	-1	68	6	6	2	0	2
93	2464.jsonl	show_gripper	easy	3	0	V	-1	56	10	10	1	1	3
31	2464.jsonl	show_gripper	easy	4	1	Y	-1	98	30	13	3	0	2
261	2464.jsonl	show_gripper	medium	5	1	U	-1	30	9	9	1	1	2
105	2464.jsonl	show_gripper	hard	6	1	U	-1	35	21	19	1	0	4
85	2464.jsonl	show_gripper	easy	7	1	T	-1	42	11	10	2	0	3
136	2464.jsonl	show_gripper	hard	8	1	V	-1	46	12	15	2	0	2
226	2464.jsonl	show_gripper	medium	9	1	Z	-1	86	20	21	3	1	3
25	2464.jsonl	show_gripper	easy	10	1	N	-1	48	10	15	3	2	3
169	2464.jsonl	show_gripper	hard	11	1	Z	-1	100	44	27	5	1	5
114	2464.jsonl	show_gripper	hard	12	1	N	-1	54	13	21	3	1	3
244	2464.jsonl	show_gripper	medium	13	1	L	-1	56	13	18	1	0	3
284	2464.jsonl	show_gripper	medium	14	1	X	-1	61	19	12	2	0	3
103	2464.jsonl	show_gripper	hard	15	1	T	-1	65	40	34	5	1	5
283	2464.jsonl	show_gripper	medium	16	1	Z	-1	26	25	14	3	0	3
234	2464.jsonl	show_gripper	medium	17	1	P	-1	75	20	17	2	0	4
78	2464.jsonl	show_gripper	easy	18	1	P	-1	20	8	12	3	1	2
47	2464.jsonl	show_gripper	easy	19	1	Z	-1	20	22	9	2	1	2
138	2464.jsonl	show_gripper	hard	20	1	I	-1	63	15	21	1	1	2
147	2476.jsonl	feedback	hard	1	1	N	-1	52	12	15	2	0	4
244	2476.jsonl	feedback	medium	2	1	L	-1	33	13	11	1	0	3
297	2476.jsonl	feedback	medium	3	1	I	-1	22	8	8	2	0	2
264	2476.jsonl	feedback	medium	4	1	V	-1	27	5	8	2	0	2
20	2476.jsonl	feedback	easy	5	1	X	-1	19	3	8	1	0	2
26	2476.jsonl	feedback	easy	6	1	U	-1	16	3	7	2	0	2
276	2476.jsonl	feedback	medium	7	1	V	-1	39	11	9	0	0	2
49	2476.jsonl	feedback	easy	8	0	N	-1	19	10	8	3	0	2
151	2476.jsonl	feedback	hard	9	1	X	-1	21	10	7	2	0	2
163	2476.jsonl	feedback	hard	10	1	I	-1	26	9	6	2	0	2
2	2476.jsonl	feedback	easy	11	1	L	-1	16	4	6	2	0	2
43	2476.jsonl	feedback	easy	12	1	T	-1	15	4	6	1	0	2
103	2476.jsonl	feedback	hard	13	1	T	-1	40	8	12	3	0	4
21	2476.jsonl	feedback	easy	14	1	T	-1	36	12	16	5	0	4
161	2476.jsonl	feedback	hard	15	0	N	-1	35	26	14	0	0	5
9	2476.jsonl	feedback	easy	16	1	Y	-1	27	9	10	2	0	3
18	2476.jsonl	feedback	easy	17	1	Z	-1	30	15	12	3	0	3
222	2476.jsonl	feedback	medium	18	1	X	-1	20	12	7	2	0	3
259	2476.jsonl	feedback	medium	19	1	Z	-1	16	9	6	2	0	2
187	2476.jsonl	feedback	hard	20	1	F	-1	58	9	15	2	0	4
233	2477.jsonl	confirm_selection	medium	1	1	Z	-1	43	17	19	4	2	4
44	2477.jsonl	confirm_selection	easy	2	1	U	-1	72	10	25	1	3	2
242	2477.jsonl	confirm_selection	medium	3	1	W	-1	13	2	4	2	0	1
126	2477.jsonl	confirm_selection	hard	4	1	W	-1	70	21	33	3	2	4
7	2477.jsonl	confirm_selection	easy	5	1	Y	-1	31	22	18	3	3	4
98	2477.jsonl	confirm_selection	easy	6	1	U	-1	34	16	20	3	0	5
5	2477.jsonl	confirm_selection	easy	7	1	N	-1	39	23	20	5	2	4
141	2477.jsonl	confirm_selection	hard	8	1	N	-1	89	20	36	7	2	6
72	2477.jsonl	confirm_selection	easy	9	1	Z	-1	63	25	22	4	0	5
25	2477.jsonl	confirm_selection	easy	10	1	N	-1	45	9	23	3	2	3
128	2477.jsonl	confirm_selection	hard	11	1	P	-1	46	10	18	2	1	4
284	2477.jsonl	confirm_selection	medium	12	1	X	-1	41	37	25	6	2	4
261	2477.jsonl	confirm_selection	medium	13	1	U	-1	115	43	74	7	2	17
238	2477.jsonl	confirm_selection	medium	14	1	W	-1	40	11	28	7	1	5
55	2477.jsonl	confirm_selection	easy	15	1	L	-1	57	20	31	5	1	4
225	2477.jsonl	confirm_selection	medium	16	1	V	-1	84	25	52	11	2	8
162	2477.jsonl	confirm_selection	hard	17	1	Z	-1	49	33	33	6	0	7
194	2477.jsonl	confirm_selection	hard	18	1	Y	-1	95	48	32	6	3	8
172	2477.jsonl	confirm_selection	hard	19	1	Z	-1	73	67	82	11	2	17
9	2477.jsonl	confirm_selection	easy	20	1	Y	-1	82	62	42	6	0	7
174	2488.jsonl	show_gripper	hard	1	1	F	13	27	14	15	0	1	4
77	2488.jsonl	show_gripper	easy	2	1	W	8	10	31	19	0	0	5
61	2488.jsonl	show_gripper	easy	3	1	Y	13	33	14	20	3	1	3
45	2488.jsonl	show_gripper	easy	4	0	Y	9	48	15	27	2	0	5
28	2488.jsonl	show_gripper	easy	5	1	Y	12	36	12	20	2	0	5
18	2488.jsonl	show_gripper	easy	6	1	Z	12	66	24	23	0	0	5
66	2488.jsonl	show_gripper	easy	7	1	T	8	18	20	16	1	1	5
202	2488.jsonl	show_gripper	medium	8	0	Y	27	40	16	13	1	0	3
182	2488.jsonl	show_gripper	hard	9	1	L	12	45	19	15	2	0	4
235	2488.jsonl	show_gripper	medium	10	1	N	7	23	11	11	1	0	3
214	2488.jsonl	show_gripper	medium	11	1	X	11	35	9	10	0	0	3
69	2488.jsonl	show_gripper	easy	12	1	X	4	31	22	11	1	0	3
127	2488.jsonl	show_gripper	hard	13	1	L	4	13	60	33	2	5	8
247	2488.jsonl	show_gripper	medium	14	1	I	3	5	27	13	2	0	3
226	2488.jsonl	show_gripper	medium	15	1	Z	5	27	32	26	2	0	6
198	2488.jsonl	show_gripper	hard	16	1	Y	7	48	18	11	1	0	3
257	2488.jsonl	show_gripper	medium	17	1	W	9	27	8	13	0	1	4
145	2488.jsonl	show_gripper	hard	18	1	N	4	31	23	18	2	1	5
12	2488.jsonl	show_gripper	easy	19	1	F	7	29	16	17	3	0	4
140	2488.jsonl	show_gripper	hard	20	1	N	4	31	12	16	1	1	5
146	2489.jsonl	feedback	hard	1	1	W	11	33	18	18	2	0	4
66	2489.jsonl	feedback	easy	2	1	T	6	24	5	6	1	0	3
174	2489.jsonl	feedback	hard	3	1	F	11	45	10	24	6	0	3
271	2489.jsonl	feedback	medium	4	1	Y	7	26	4	8	2	0	3
118	2489.jsonl	feedback	hard	5	1	P	30	71	21	22	3	1	5
30	2489.jsonl	feedback	easy	6	1	L	10	59	14	18	2	1	3
133	2489.jsonl	feedback	hard	7	1	P	4	26	17	15	2	0	4
226	2489.jsonl	feedback	medium	8	1	Z	18	79	13	30	7	0	6
76	2489.jsonl	feedback	easy	9	1	I	14	71	15	11	5	0	2
74	2489.jsonl	feedback	easy	10	1	I	3	27	21	14	4	0	3
52	2489.jsonl	feedback	easy	11	1	N	8	15	16	5	1	0	2
299	2489.jsonl	feedback	medium	12	1	L	4	15	4	4	2	0	1
34	2489.jsonl	feedback	easy	13	1	U	3	5	2	1	0	0	0
90	2489.jsonl	feedback	easy	14	1	V	8	24	5	12	3	0	2
241	2489.jsonl	feedback	medium	15	1	P	4	22	12	8	2	0	2
62	2489.jsonl	feedback	easy	16	1	U	14	24	5	7	1	0	1
250	2489.jsonl	feedback	medium	17	1	F	8	35	17	9	2	0	3
117	2489.jsonl	feedback	hard	18	1	T	6	45	9	20	4	0	5
111	2489.jsonl	feedback	hard	19	1	Z	11	49	34	18	5	0	2
200	2489.jsonl	feedback	medium	20	1	N	7	48	19	25	4	2	5
2	2494.jsonl	confirm_selection	easy	1	1	L	12	25	4	7	1	0	2
139	2494.jsonl	confirm_selection	hard	2	1	V	6	37	4	10	1	0	2
175	2494.jsonl	confirm_selection	hard	3	1	Z	11	22	6	7	2	1	2
97	2494.jsonl	confirm_selection	easy	4	1	N	6	23	8	7	0	1	2
148	2494.jsonl	confirm_selection	hard	5	1	F	10	48	10	12	4	0	3
220	2494.jsonl	confirm_selection	medium	6	1	Y	10	31	7	8	2	0	2
192	2494.jsonl	confirm_selection	hard	7	1	U	9	44	5	11	4	0	0
34	2494.jsonl	confirm_selection	easy	8	1	U	6	29	2	7	0	2	1
209	2494.jsonl	confirm_selection	medium	9	1	P	17	30	19	21	4	2	2
96	2494.jsonl	confirm_selection	easy	10	1	V	6	38	8	9	2	1	3
90	2494.jsonl	confirm_selection	easy	11	1	V	5	33	7	12	3	1	4
21	2494.jsonl	confirm_selection	easy	12	1	T	6	50	5	12	2	0	5
193	2494.jsonl	confirm_selection	hard	13	1	T	13	33	4	8	2	0	1
298	2494.jsonl	confirm_selection	medium	14	1	L	17	59	7	9	1	0	3
270	2494.jsonl	confirm_selection	medium	15	1	Y	6	23	6	7	1	0	2
34	2494.jsonl	confirm_selection	easy	16	1	U	3	12	14	6	1	0	2
216	2494.jsonl	confirm_selection	medium	17	1	Y	2	15	6	9	2	1	2
263	2494.jsonl	confirm_selection	medium	18	1	X	4	15	4	7	1	1	2
135	2494.jsonl	confirm_selection	hard	19	1	W	25	74	30	21	4	1	7
86	2494.jsonl	confirm_selection	easy	20	1	T	4	19	5	11	3	0	4
283	2495.jsonl	show_gripper	medium	1	1	Z	10	17	30	16	4	0	1
81	2495.jsonl	show_gripper	easy	2	1	P	4	19	21	6	1	1	1
6	2495.jsonl	show_gripper	easy	3	1	F	23	85	36	62	6	1	11
59	2495.jsonl	show_gripper	easy	4	1	X	9	30	12	12	1	0	1
193	2495.jsonl	show_gripper	hard	5	1	T	4	51	9	15	1	1	3
40	2495.jsonl	show_gripper	easy	6	1	I	5	42	10	26	2	1	5
274	2495.jsonl	show_gripper	medium	7	1	P	7	23	14	17	0	0	4
86	2495.jsonl	show_gripper	easy	8	1	T	4	33	5	19	4	0	2
152	2495.jsonl	show_gripper	hard	9	1	F	7	37	15	15	3	1	2
50	2495.jsonl	show_gripper	easy	10	1	V	14	60	14	28	4	1	4
181	2495.jsonl	show_gripper	hard	11	1	W	12	45	11	14	2	0	3
117	2495.jsonl	show_gripper	hard	12	1	T	3	40	6	13	3	0	2
217	2495.jsonl	show_gripper	medium	13	1	T	12	54	13	24	1	0	2
137	2495.jsonl	show_gripper	hard	14	1	T	11	96	25	32	4	3	3
22	2495.jsonl	show_gripper	easy	15	1	W	7	32	14	15	2	0	3
116	2495.jsonl	show_gripper	hard	16	1	Z	2	14	10	10	0	0	2
215	2495.jsonl	show_gripper	medium	17	1	U	12	45	12	26	2	1	4
87	2495.jsonl	show_gripper	easy	18	1	I	3	15	4	7	1	0	0
267	2495.jsonl	show_gripper	medium	19	1	Y	9	36	9	5	0	0	2
205	2495.jsonl	show_gripper	medium	20	1	W	4	22	5	13	2	0	1
90	2496.jsonl	feedback	easy	1	0	V	19	33	5	7	1	0	2
81	2496.jsonl	feedback	easy	2	1	P	13	28	12	11	2	0	3
263	2496.jsonl	feedback	medium	3	0	X	7	20	9	5	2	0	1
65	2496.jsonl	feedback	easy	4	1	N	23	30	8	7	2	0	2
110	2496.jsonl	feedback	hard	5	1	N	9	25	7	8	2	0	1
252	2496.jsonl	feedback	medium	6	1	X	10	16	8	4	2	0	1
182	2496.jsonl	feedback	hard	7	1	L	12	26	8	8	1	0	2
144	2496.jsonl	feedback	hard	8	1	T	11	23	7	9	1	1	4
248	2496.jsonl	feedback	medium	9	0	Y	24	57	16	13	3	1	2
40	2496.jsonl	feedback	easy	10	1	I	6	21	10	4	1	0	0
239	2496.jsonl	feedback	medium	11	1	Z	17	25	7	5	4	0	1
82	2496.jsonl	feedback	easy	12	1	V	6	14	9	3	1	0	2
161	2496.jsonl	feedback	hard	13	1	N	14	36	35	14	2	0	3
28	2496.jsonl	feedback	easy	14	1	Y	16	34	13	7	1	0	2
198	2496.jsonl	feedback	hard	15	1	Y	7	28	13	10	4	0	4
295	2496.jsonl	feedback	medium	16	1	X	4	9	20	6	0	0	2
236	2496.jsonl	feedback	medium	17	1	W	11	29	9	12	3	0	4
103	2496.jsonl	feedback	hard	18	1	T	7	26	8	7	2	1	2
34	2496.jsonl	feedback	easy	19	1	U	3	9	7	3	0	0	1
43	2496.jsonl	feedback	easy	20	1	T	4	10	5	7	1	0	3
221	2559.jsonl	confirm_selection	medium	1	1	L	17	90	9	16	1	0	3
112	2559.jsonl	confirm_selection	hard	2	1	N	15	58	12	10	2	0	2
273	2559.jsonl	confirm_selection	medium	3	1	V	9	28	4	9	1	0	1
69	2559.jsonl	confirm_selection	easy	4	1	X	5	31	14	5	0	0	1
87	2559.jsonl	confirm_selection	easy	5	1	I	3	24	3	5	2	0	0
175	2559.jsonl	confirm_selection	hard	6	1	Z	6	50	7	12	2	1	2
98	2559.jsonl	confirm_selection	easy	7	1	U	8	34	4	11	2	0	2
163	2559.jsonl	confirm_selection	hard	8	1	I	8	102	13	22	5	2	3
68	2559.jsonl	confirm_selection	easy	9	1	W	8	31	4	6	1	0	2
295	2559.jsonl	confirm_selection	medium	10	1	X	3	8	3	2	0	0	0
88	2559.jsonl	confirm_selection	easy	11	1	F	3	41	6	18	4	1	4
42	2559.jsonl	confirm_selection	easy	12	1	N	10	34	8	9	1	0	1
239	2559.jsonl	confirm_selection	medium	13	1	Z	11	87	14	29	3	1	5
280	2559.jsonl	confirm_selection	medium	14	1	I	8	85	18	16	2	2	3
133	2559.jsonl	confirm_selection	hard	15	1	P	5	51	18	15	0	0	4
182	2559.jsonl	confirm_selection	hard	16	1	L	4	20	6	10	1	0	2
75	2559.jsonl	confirm_selection	easy	17	1	V	8	35	8	4	1	0	2
293	2559.jsonl	confirm_selection	medium	18	1	N	4	43	8	8	2	0	2
91	2559.jsonl	confirm_selection	easy	19	1	W	3	6	4	4	2	0	0
188	2559.jsonl	confirm_selection	hard	20	1	F	6	103	14	21	2	0	4
186	2563.jsonl	show_gripper	hard	1	1	X	4	22	11	19	1	1	5
211	2563.jsonl	show_gripper	medium	2	1	I	2	17	9	22	3	0	7
32	2563.jsonl	show_gripper	easy	3	1	N	2	34	13	31	3	2	9
71	2563.jsonl	show_gripper	easy	4	1	Z	2	27	8	26	4	0	6
292	2563.jsonl	show_gripper	medium	5	1	X	3	16	11	19	2	0	6
75	2563.jsonl	show_gripper	easy	6	1	V	3	17	8	22	2	0	6
135	2563.jsonl	show_gripper	hard	7	1	W	2	23	22	19	1	0	6
276	2563.jsonl	show_gripper	medium	8	1	V	1	13	15	20	2	0	7
106	2563.jsonl	show_gripper	hard	9	1	Y	1	23	13	20	3	0	7
85	2563.jsonl	show_gripper	easy	10	1	T	1	16	11	22	1	0	8
47	2563.jsonl	show_gripper	easy	11	1	Z	2	20	12	21	1	0	7
28	2563.jsonl	show_gripper	easy	12	1	Y	1	26	19	35	1	0	9
215	2563.jsonl	show_gripper	medium	13	1	U	2	22	9	28	1	2	7
182	2563.jsonl	show_gripper	hard	14	1	L	1	12	11	20	2	0	6
259	2563.jsonl	show_gripper	medium	15	1	Z	5	18	10	20	1	0	6
104	2563.jsonl	show_gripper	hard	16	1	N	3	20	11	25	1	1	7
23	2563.jsonl	show_gripper	easy	17	1	L	2	16	6	21	1	0	7
56	2563.jsonl	show_gripper	easy	18	1	P	1	16	9	21	3	0	8
253	2563.jsonl	show_gripper	medium	19	1	Z	1	21	8	28	2	0	7
138	2563.jsonl	show_gripper	hard	20	1	I	4	99	18	41	3	0	11
66	2564.jsonl	no_feedback	easy	1	1	T	13	32	5	8	1	2	2
81	2564.jsonl	no_feedback	easy	2	1	P	14	32	9	13	3	0	3
275	2564.jsonl	no_feedback	medium	3	1	U	20	52	15	13	3	0	3
164	2564.jsonl	no_feedback	hard	4	1	U	22	55	7	14	2	0	4
95	2564.jsonl	no_feedback	easy	5	1	F	10	64	23	30	4	0	7
0	2564.jsonl	no_feedback	easy	6	1	T	6	11	19	4	1	0	1
299	2564.jsonl	no_feedback	medium	7	1	L	4	16	13	12	3	0	4
150	2564.jsonl	no_feedback	hard	8	1	Z	4	16	4	10	2	0	4
20	2564.jsonl	no_feedback	easy	9	1	X	5	15	10	12	2	0	4
6	2564.jsonl	no_feedback	easy	10	1	F	10	16	3	6	1	1	2
50	2564.jsonl	no_feedback	easy	11	0	V	6	30	16	12	3	0	4
216	2564.jsonl	no_feedback	medium	12	1	Y	3	15	9	7	2	0	3
243	2564.jsonl	no_feedback	medium	13	1	U	6	13	9	7	1	0	4
145	2564.jsonl	no_feedback	hard	14	1	N	5	17	9	7	2	0	3
271	2564.jsonl	no_feedback	medium	15	1	Y	2	12	12	9	2	1	4
240	2564.jsonl	no_feedback	medium	16	1	Z	5	14	12	8	2	0	4
85	2564.jsonl	no_feedback	easy	17	1	T	5	15	8	4	2	0	2
132	2564.jsonl	no_feedback	hard	18	1	I	7	73	22	19	3	0	6
193	2564.jsonl	no_feedback	hard	19	1	T	6	15	4	10	1	2	3
111	2564.jsonl	no_feedback	hard	20	1	Z	43	143	67	26	6	0	5
163	2565.jsonl	feedback	hard	1	1	I	23	64	12	14	2	0	3
147	2565.jsonl	feedback	hard	2	1	N	3	19	12	9	2	0	2
270	2565.jsonl	feedback	medium	3	0	Y	2	4	6	4	2	0	0
41	2565.jsonl	feedback	easy	4	1	I	3	9	6	4	2	0	1
35	2565.jsonl	feedback	easy	5	1	P	10	16	4	6	1	0	1
114	2565.jsonl	feedback	hard	6	1	N	3	48	5	12	2	0	3
225	2565.jsonl	feedback	medium	7	1	V	5	33	8	17	3	0	2
53	2565.jsonl	feedback	easy	8	1	F	3	17	4	6	2	0	2
212	2565.jsonl	feedback	medium	9	1	X	4	23	7	7	2	0	1
14	2565.jsonl	feedback	easy	10	1	W	5	16	6	5	2	0	1
260	2565.jsonl	feedback	medium	11	1	V	2	8	3	5	1	1	0
61	2565.jsonl	feedback	easy	12	1	Y	3	10	4	3	0	0	1
173	2565.jsonl	feedback	hard	13	1	I	2	21	5	10	3	0	2
38	2565.jsonl	feedback	easy	14	1	X	2	7	3	3	1	0	0
120	2565.jsonl	feedback	hard	15	1	Z	2	18	5	4	2	0	1
283	2565.jsonl	feedback	medium	16	1	Z	5	12	3	4	2	0	1
93	2565.jsonl	feedback	easy	17	1	V	7	16	7	12	3	0	3
293	2565.jsonl	feedback	medium	18	1	N	4	29	5	6	2	0	1
189	2565.jsonl	feedback	hard	19	1	F	2	24	13	9	3	0	3
31	2565.jsonl	feedback	easy	20	1	Y	4	26	11	19	3	1	4
139	2567.jsonl	confirm_selection	hard	1	1	V	16	49	12	21	4	0	4
216	2567.jsonl	confirm_selection	medium	2	1	Y	13	28	8	16	4	0	5
63	2567.jsonl	confirm_selection	easy	3	1	L	4	11	11	2	0	0	1
70	2567.jsonl	confirm_selection	easy	4	1	N	14	28	10	14	2	2	4
17	2567.jsonl	confirm_selection	easy	5	1	F	4	21	16	17	3	0	3
38	2567.jsonl	confirm_selection	easy	6	1	X	3	5	5	2	1	0	1
268	2567.jsonl	confirm_selection	medium	7	1	L	5	8	4	4	1	0	2
21	2567.jsonl	confirm_selection	easy	8	1	T	5	14	4	9	1	1	3
295	2567.jsonl	confirm_selection	medium	9	1	X	3	6	4	5	0	0	1
182	2567.jsonl	confirm_selection	hard	10	1	L	6	15	13	7	2	0	3
163	2567.jsonl	confirm_selection	hard	11	1	I	6	27	7	10	2	0	3
175	2567.jsonl	confirm_selection	hard	12	1	Z	3	9	5	6	2	0	2
270	2567.jsonl	confirm_selection	medium	13	1	Y	3	14	5	10	1	0	4
148	2567.jsonl	confirm_selection	hard	14	1	F	7	20	22	10	2	0	3
122	2567.jsonl	confirm_selection	hard	15	1	V	16	39	15	16	1	0	3
55	2567.jsonl	confirm_selection	easy	16	1	L	3	11	5	7	1	0	2
225	2567.jsonl	confirm_selection	medium	17	1	V	4	19	10	29	2	0	6
8	2567.jsonl	confirm_selection	easy	18	1	T	5	14	8	9	0	1	5
30	2567.jsonl	confirm_selection	easy	19	1	L	4	22	9	10	2	0	3
246	2567.jsonl	confirm_selection	medium	20	1	W	3	5	3	3	1	0	1
138	2568.jsonl	show_gripper	hard	1	1	I	13	22	22	12	3	0	3
173	2568.jsonl	show_gripper	hard	2	1	I	5	9	12	8	1	0	2
73	2568.jsonl	show_gripper	easy	3	1	L	2	5	9	7	1	2	2
190	2568.jsonl	show_gripper	hard	4	1	X	2	6	6	10	2	0	1
278	2568.jsonl	show_gripper	medium	5	1	V	-1	3	4	2	0	0	0
292	2568.jsonl	show_gripper	medium	6	1	X	2	11	10	11	1	1	3
166	2568.jsonl	show_gripper	hard	7	1	X	2	8	6	7	0	1	2
160	2568.jsonl	show_gripper	hard	8	1	F	6	7	14	8	2	0	2
57	2568.jsonl	show_gripper	easy	9	1	Z	1	8	7	5	2	0	2
188	2568.jsonl	show_gripper	hard	10	1	F	1	11	14	13	1	0	5
260	2568.jsonl	show_gripper	medium	11	1	V	2	4	6	4	1	0	2
10	2568.jsonl	show_gripper	easy	12	1	Z	1	5	7	6	1	0	2
3	2568.jsonl	show_gripper	easy	13	1	I	1	3	8	7	2	1	1
84	2568.jsonl	show_gripper	easy	14	1	V	1	4	8	4	0	0	2
261	2568.jsonl	show_gripper	medium	15	1	U	1	7	8	5	3	0	1
70	2568.jsonl	show_gripper	easy	16	1	N	14	16	10	6	1	0	1
243	2568.jsonl	show_gripper	medium	17	1	U	1	6	4	4	0	0	1
271	2568.jsonl	show_gripper	medium	18	1	Y	1	5	9	4	0	0	2
49	2568.jsonl	show_gripper	easy	19	1	N	5	6	9	3	0	0	1
39	2568.jsonl	show_gripper	easy	20	1	T	1	2	5	2	0	0	1
33	2569.jsonl	no_feedback	easy	1	0	V	20	50	3	1	1	0	0
35	2569.jsonl	no_feedback	easy	2	0	P	18	20	2	1	0	0	0
231	2569.jsonl	no_feedback	medium	3	0	Z	7	9	4	1	1	0	0
12	2569.jsonl	no_feedback	easy	4	0	F	9	14	3	2	0	0	1
265	2569.jsonl	no_feedback	medium	5	0	T	21	23	3	1	1	0	0
185	2569.jsonl	no_feedback	hard	6	0	N	4	6	4	1	1	0	0
192	2569.jsonl	no_feedback	hard	7	0	U	5	7	5	1	0	0	0
168	2569.jsonl	no_feedback	hard	8	0	W	4	5	3	1	1	0	0
201	2569.jsonl	no_feedback	medium	9	0	Z	5	8	3	1	0	0	1
230	2569.jsonl	no_feedback	medium	10	0	V	4	5	3	1	0	0	0
52	2569.jsonl	no_feedback	easy	11	0	N	5	7	2	1	1	0	0
5	2569.jsonl	no_feedback	easy	12	0	N	3	4	3	1	1	0	0
284	2569.jsonl	no_feedback	medium	13	1	X	4	6	2	1	1	0	0
147	2569.jsonl	no_feedback	hard	14	0	N	2	5	8	1	1	0	0
122	2569.jsonl	no_feedback	hard	15	0	V	4	5	1	1	0	0	0
95	2569.jsonl	no_feedback	easy	16	1	F	4	7	2	1	0	0	1
81	2569.jsonl	no_feedback	easy	17	0	P	3	4	1	1	0	0	0
291	2569.jsonl	no_feedback	medium	18	1	T	3	5	1	1	1	0	0
7	2569.jsonl	no_feedback	easy	19	0	Y	5	9	3	2	0	0	2
193	2569.jsonl	no_feedback	hard	20	1	T	7	13	2	2	0	0	0
136	2570.jsonl	no_feedback	hard	1	1	V	11	30	9	8	1	1	2
188	2571.jsonl	feedback	hard	1	1	F	19	102	11	15	2	2	2
226	2571.jsonl	feedback	medium	2	1	Z	14	72	13	13	3	1	3
185	2571.jsonl	feedback	hard	3	1	N	11	250	16	31	3	1	6
116	2571.jsonl	feedback	hard	4	1	Z	7	41	5	9	2	0	1
23	2571.jsonl	feedback	easy	5	1	L	6	24	7	5	0	2	1
287	2571.jsonl	feedback	medium	6	1	Z	7	19	8	10	1	0	3
48	2571.jsonl	feedback	easy	7	1	L	4	48	9	13	1	0	3
252	2571.jsonl	feedback	medium	8	1	X	4	11	21	5	1	0	1
84	2571.jsonl	feedback	easy	9	1	V	6	28	7	6	0	0	2
56	2571.jsonl	feedback	easy	10	1	P	5	16	8	9	2	0	1
75	2571.jsonl	feedback	easy	11	0	V	3	23	21	5	1	1	1
109	2571.jsonl	feedback	hard	12	0	P	8	43	14	21	3	0	4
147	2571.jsonl	feedback	hard	13	1	N	6	26	6	11	1	0	3
296	2571.jsonl	feedback	medium	14	1	U	7	16	7	10	2	0	2
207	2571.jsonl	feedback	medium	15	1	T	6	46	16	11	3	0	2
76	2571.jsonl	feedback	easy	16	1	I	4	58	7	13	4	0	3
90	2571.jsonl	feedback	easy	17	1	V	6	35	8	14	2	1	2
39	2571.jsonl	feedback	easy	18	1	T	3	18	6	12	2	0	3
263	2571.jsonl	feedback	medium	19	1	X	2	21	10	13	1	0	3
124	2571.jsonl	feedback	hard	20	1	N	6	20	7	9	0	0	3
34	2572.jsonl	confirm_selection	easy	1	1	U	18	32	4	6	0	0	3
41	2572.jsonl	confirm_selection	easy	2	1	I	10	22	3	3	2	0	1
226	2572.jsonl	confirm_selection	medium	3	1	Z	11	33	5	8	3	0	1
195	2572.jsonl	confirm_selection	hard	4	1	X	5	18	7	9	1	1	1
60	2572.jsonl	confirm_selection	easy	5	1	W	4	20	10	5	0	0	2
196	2572.jsonl	confirm_selection	hard	6	1	U	5	23	9	8	1	0	1
40	2572.jsonl	confirm_selection	easy	7	1	I	10	30	20	9	4	0	2
222	2572.jsonl	confirm_selection	medium	8	1	X	4	15	5	7	1	0	3
220	2572.jsonl	confirm_selection	medium	9	1	Y	7	22	17	8	1	2	2
121	2572.jsonl	confirm_selection	hard	10	1	Y	11	48	5	16	2	0	3
174	2572.jsonl	confirm_selection	hard	11	1	F	3	29	7	13	2	1	3
241	2572.jsonl	confirm_selection	medium	12	1	P	2	31	12	14	3	0	3
254	2572.jsonl	confirm_selection	medium	13	1	N	3	16	5	9	2	1	1
262	2572.jsonl	confirm_selection	medium	14	1	V	9	31	10	17	4	2	2
197	2572.jsonl	confirm_selection	hard	15	1	N	7	20	17	7	2	0	2
33	2572.jsonl	confirm_selection	easy	16	1	V	4	9	12	4	2	0	0
54	2572.jsonl	confirm_selection	easy	17	1	T	3	37	18	19	4	0	4
8	2572.jsonl	confirm_selection	easy	18	1	T	4	21	12	10	0	0	5
80	2572.jsonl	confirm_selection	easy	19	1	Y	5	27	8	13	1	1	3
124	2572.jsonl	confirm_selection	hard	20	1	N	5	26	8	15	3	1	3
78	2573.jsonl	show_gripper	easy	1	1	P	5	39	9	18	3	0	4
85	2573.jsonl	show_gripper	easy	2	1	T	2	10	7	10	2	0	2
39	2573.jsonl	show_gripper	easy	3	1	T	2	10	10	12	2	1	2
122	2573.jsonl	show_gripper	hard	4	1	V	3	33	24	18	2	0	3
22	2573.jsonl	show_gripper	easy	5	1	W	3	16	11	10	1	1	3
133	2573.jsonl	show_gripper	hard	6	1	P	3	8	8	7	2	0	2
19	2573.jsonl	show_gripper	easy	7	1	N	2	16	9	8	1	0	3
175	2573.jsonl	show_gripper	hard	8	0	Z	3	10	3	9	0	0	1
22	2573.jsonl	show_gripper	easy	9	1	W	9	17	7	6	0	0	4
132	2573.jsonl	show_gripper	hard	10	1	I	3	17	10	13	2	1	3
203	2573.jsonl	show_gripper	medium	11	1	P	4	9	9	6	1	0	2
74	2573.jsonl	show_gripper	easy	12	1	I	3	7	5	4	1	0	2
139	2573.jsonl	show_gripper	hard	13	1	V	2	12	13	8	1	0	3
150	2573.jsonl	show_gripper	hard	14	1	Z	2	13	8	9	3	1	1
214	2573.jsonl	show_gripper	medium	15	1	X	2	15	12	9	2	2	2
217	2573.jsonl	show_gripper	medium	16	1	T	2	9	14	6	1	0	3
294	2573.jsonl	show_gripper	medium	17	1	Z	1	9	9	6	2	0	1
52	2573.jsonl	show_gripper	easy	18	1	N	1	10	8	5	1	0	2
202	2573.jsonl	show_gripper	medium	19	1	Y	2	18	13	11	3	0	3
222	2573.jsonl	show_gripper	medium	20	1	X	2	13	6	8	2	0	2
63	2581.jsonl	no_feedback	easy	1	1	L	10	16	4	2	0	0	0
266	2581.jsonl	no_feedback	medium	2	1	W	5	10	6	2	0	1	1
74	2581.jsonl	no_feedback	easy	3	1	I	2	8	3	3	2	0	1
48	2581.jsonl	no_feedback	easy	4	0	L	3	14	8	7	0	0	1
213	2581.jsonl	no_feedback	medium	5	1	W	31	35	2	2	0	0	1
298	2581.jsonl	no_feedback	medium	6	1	L	9	40	5	12	4	0	2
177	2581.jsonl	no_feedback	hard	7	1	L	7	16	6	11	1	0	3
233	2581.jsonl	no_feedback	medium	8	1	Z	4	13	7	7	1	0	2
75	2581.jsonl	no_feedback	easy	9	1	V	4	17	9	10	2	0	3
98	2581.jsonl	no_feedback	easy	10	1	U	3	11	3	3	1	0	1
289	2581.jsonl	no_feedback	medium	11	1	T	4	12	13	10	0	0	3
126	2581.jsonl	no_feedback	hard	12	1	W	3	21	10	8	3	0	2
61	2581.jsonl	no_feedback	easy	13	1	Y	3	22	12	18	4	0	5
124	2581.jsonl	no_feedback	hard	14	1	N	4	18	8	12	2	0	2
156	2581.jsonl	no_feedback	hard	15	1	I	2	20	13	14	4	0	4
35	2581.jsonl	no_feedback	easy	16	1	P	4	30	8	11	1	0	2
122	2581.jsonl	no_feedback	hard	17	1	V	3	15	6	8	1	0	1
96	2581.jsonl	no_feedback	easy	18	1	V	3	27	14	13	6	0	2
174	2581.jsonl	no_feedback	hard	19	1	F	3	20	12	13	2	0	5
219	2581.jsonl	no_feedback	medium	20	1	P	2	30	6	15	3	0	4
219	2587.jsonl	feedback	medium	1	1	P	20	62	7	11	2	0	3
190	2587.jsonl	feedback	hard	2	1	X	6	35	5	5	2	0	2
196	2587.jsonl	feedback	hard	3	1	U	13	54	7	16	0	1	3
225	2587.jsonl	feedback	medium	4	1	V	6	49	8	18	3	0	3
192	2587.jsonl	feedback	hard	5	1	U	10	52	7	16	3	2	3
50	2587.jsonl	feedback	easy	6	1	V	11	38	9	16	3	0	3
96	2587.jsonl	feedback	easy	7	1	V	11	39	21	18	5	0	5
36	2587.jsonl	feedback	easy	8	1	Z	7	22	16	10	4	0	3
25	2587.jsonl	feedback	easy	9	1	N	8	67	14	20	4	0	6
288	2587.jsonl	feedback	medium	10	1	Z	5	28	10	13	5	0	3
255	2587.jsonl	feedback	medium	11	1	I	8	32	7	6	1	0	2
24	2587.jsonl	feedback	easy	12	1	U	11	74	20	26	8	0	6
163	2587.jsonl	feedback	hard	13	1	I	12	86	9	24	8	1	5
97	2587.jsonl	feedback	easy	14	1	N	12	41	17	9	1	1	2
145	2587.jsonl	feedback	hard	15	1	N	6	82	8	19	3	0	5
71	2587.jsonl	feedback	easy	16	1	Z	4	8	2	3	1	1	1
174	2587.jsonl	feedback	hard	17	1	F	5	34	6	19	7	0	5
253	2587.jsonl	feedback	medium	18	1	Z	10	42	7	17	4	1	4
83	2587.jsonl	feedback	easy	19	1	N	2	8	4	5	0	1	1
267	2587.jsonl	feedback	medium	20	1	Y	2	6	4	2	0	0	2
240	2588.jsonl	confirm_selection	medium	1	1	Z	18	35	3	7	1	0	1
99	2588.jsonl	confirm_selection	easy	2	1	L	5	22	3	10	0	0	2
197	2588.jsonl	confirm_selection	hard	3	1	N	7	46	7	22	1	0	4
241	2588.jsonl	confirm_selection	medium	4	1	P	4	39	8	8	1	0	2
59	2588.jsonl	confirm_selection	easy	5	1	X	3	15	3	8	2	0	1
178	2588.jsonl	confirm_selection	hard	6	1	U	5	52	14	28	3	0	7
82	2588.jsonl	confirm_selection	easy	7	1	V	4	27	2	4	2	0	1
294	2588.jsonl	confirm_selection	medium	8	1	Z	3	46	5	20	2	0	5
78	2588.jsonl	confirm_selection	easy	9	1	P	4	38	6	17	3	1	4
111	2588.jsonl	confirm_selection	hard	10	1	Z	6	135	33	41	6	0	12
55	2588.jsonl	confirm_selection	easy	11	1	L	5	21	5	11	2	1	1
229	2588.jsonl	confirm_selection	medium	12	1	Z	4	33	6	19	2	0	5
79	2588.jsonl	confirm_selection	easy	13	1	P	4	23	12	11	2	0	1
38	2588.jsonl	confirm_selection	easy	14	1	X	4	11	3	8	2	0	1
156	2588.jsonl	confirm_selection	hard	15	1	I	4	44	11	19	3	1	5
113	2588.jsonl	confirm_selection	hard	16	1	N	7	28	12	15	3	0	4
214	2588.jsonl	confirm_selection	medium	17	1	X	4	10	12	5	0	0	1
254	2588.jsonl	confirm_selection	medium	18	1	N	4	12	6	13	3	0	2
141	2588.jsonl	confirm_selection	hard	19	1	N	4	38	10	21	1	0	5
54	2588.jsonl	confirm_selection	easy	20	1	T	3	22	6	15	2	0	2
293	2591.jsonl	show_gripper	medium	1	1	N	10	13	33	13	0	0	2
280	2591.jsonl	show_gripper	medium	2	1	I	5	6	35	12	1	1	1
241	2591.jsonl	show_gripper	medium	3	1	P	10	15	22	11	2	1	1
50	2591.jsonl	show_gripper	easy	4	1	V	7	8	20	8	2	0	1
194	2591.jsonl	show_gripper	hard	5	1	Y	5	7	38	14	1	0	3
20	2591.jsonl	show_gripper	easy	6	1	X	3	10	11	7	0	0	1
86	2591.jsonl	show_gripper	easy	7	1	T	4	10	5	3	1	0	1
222	2591.jsonl	show_gripper	medium	8	1	X	3	8	14	6	1	0	2
125	2591.jsonl	show_gripper	hard	9	1	L	5	7	27	8	1	0	2
163	2591.jsonl	show_gripper	hard	10	1	I	6	8	22	7	1	1	1
30	2591.jsonl	show_gripper	easy	11	1	L	5	7	25	7	2	0	2
24	2591.jsonl	show_gripper	easy	12	1	U	3	6	24	6	0	1	2
66	2591.jsonl	show_gripper	easy	13	1	T	3	9	12	2	1	0	1
189	2591.jsonl	show_gripper	hard	14	1	F	2	4	17	6	0	2	1
233	2591.jsonl	show_gripper	medium	15	1	Z	3	8	15	3	1	0	1
179	2591.jsonl	show_gripper	hard	16	1	F	7	9	25	13	2	0	2
103	2591.jsonl	show_gripper	hard	17	1	T	6	12	21	6	2	1	1
285	2591.jsonl	show_gripper	medium	18	1	X	6	9	5	2	0	0	1
28	2591.jsonl	show_gripper	easy	19	1	Y	2	5	15	7	1	0	1
15	2591.jsonl	show_gripper	easy	20	1	L	2	4	8	3	0	1	1
258	2593.jsonl	no_feedback	medium	1	1	U	32	53	14	10	0	0	2
202	2593.jsonl	no_feedback	medium	2	0	Y	11	32	10	7	1	0	2
84	2593.jsonl	no_feedback	easy	3	1	V	6	12	5	7	1	0	2
257	2593.jsonl	no_feedback	medium	4	0	W	4	18	23	9	1	3	1
87	2593.jsonl	no_feedback	easy	5	1	I	3	18	8	3	2	0	1
172	2593.jsonl	no_feedback	hard	6	1	Z	7	24	7	14	2	0	4
152	2593.jsonl	no_feedback	hard	7	1	F	4	7	4	6	2	0	1
198	2593.jsonl	no_feedback	hard	8	1	Y	7	22	12	12	5	0	2
91	2593.jsonl	no_feedback	easy	9	1	W	2	6	2	4	2	0	1
70	2593.jsonl	no_feedback	easy	10	1	N	7	18	5	10	1	0	2
34	2593.jsonl	no_feedback	easy	11	1	U	2	5	8	3	0	0	2
197	2593.jsonl	no_feedback	hard	12	1	N	4	17	4	10	1	1	3
44	2593.jsonl	no_feedback	easy	13	1	U	3	8	6	5	0	0	0
17	2593.jsonl	no_feedback	easy	14	1	F	6	21	16	10	3	0	2
249	2593.jsonl	no_feedback	medium	15	1	P	14	28	20	9	3	0	3
262	2593.jsonl	no_feedback	medium	16	1	V	3	13	9	8	2	1	3
171	2593.jsonl	no_feedback	hard	17	1	F	4	47	16	14	4	0	3
206	2593.jsonl	no_feedback	medium	18	1	X	8	19	7	11	0	0	1
154	2593.jsonl	no_feedback	hard	19	1	V	5	23	6	11	1	0	2
74	2593.jsonl	no_feedback	easy	20	1	I	3	8	2	4	2	0	1
69	2594.jsonl	feedback	easy	1	1	X	6	11	7	3	1	0	0
28	2594.jsonl	feedback	easy	2	1	Y	8	32	16	6	1	0	2
97	2594.jsonl	feedback	easy	3	0	N	6	18	5	4	0	0	0
220	2594.jsonl	feedback	medium	4	1	Y	5	22	8	6	2	0	2
166	2594.jsonl	feedback	hard	5	0	X	4	10	5	2	0	0	0
35	2594.jsonl	feedback	easy	6	1	P	14	30	4	7	2	0	1
73	2594.jsonl	feedback	easy	7	1	L	7	24	5	6	0	0	2
260	2594.jsonl	feedback	medium	8	0	V	4	17	6	4	1	0	2
110	2594.jsonl	feedback	hard	9	0	N	5	14	3	4	1	1	1
205	2594.jsonl	feedback	medium	10	1	W	6	22	5	6	4	0	1
144	2594.jsonl	feedback	hard	11	1	T	8	32	7	7	2	3	1
5	2594.jsonl	feedback	easy	12	1	N	6	22	25	6	2	1	2
181	2594.jsonl	feedback	hard	13	1	W	9	30	5	7	1	0	3
29	2594.jsonl	feedback	easy	14	1	P	5	16	4	5	2	1	1
196	2594.jsonl	feedback	hard	15	0	U	3	21	26	6	1	0	3
216	2594.jsonl	feedback	medium	16	1	Y	7	29	13	7	2	0	2
130	2594.jsonl	feedback	hard	17	1	L	6	51	11	8	1	2	0
49	2594.jsonl	feedback	easy	18	1	N	9	29	11	7	1	1	1
292	2594.jsonl	feedback	medium	19	1	X	9	36	8	12	3	0	4
226	2594.jsonl	feedback	medium	20	1	Z	19	49	6	10	2	0	1
31	2598.jsonl	confirm_selection	easy	1	1	Y	14	30	11	20	3	1	3
21	2598.jsonl	confirm_selection	easy	2	1	T	6	22	8	19	2	0	3
169	2598.jsonl	confirm_selection	hard	3	1	Z	4	11	3	11	2	0	2
43	2598.jsonl	confirm_selection	easy	4	1	T	2	17	10	13	2	0	4
190	2598.jsonl	confirm_selection	hard	5	1	X	6	16	6	12	3	1	2
32	2598.jsonl	confirm_selection	easy	6	1	N	2	12	7	6	1	1	2
150	2598.jsonl	confirm_selection	hard	7	1	Z	2	7	5	3	2	0	1
277	2598.jsonl	confirm_selection	medium	8	1	N	9	21	19	13	2	0	3
165	2598.jsonl	confirm_selection	hard	9	1	V	2	10	4	3	1	0	1
35	2598.jsonl	confirm_selection	easy	10	1	P	5	21	4	10	4	0	2
291	2598.jsonl	confirm_selection	medium	11	1	T	2	3	3	1	1	0	0
24	2598.jsonl	confirm_selection	easy	12	1	U	2	6	4	7	1	1	1
243	2598.jsonl	confirm_selection	medium	13	1	U	2	6	3	2	0	0	0
234	2598.jsonl	confirm_selection	medium	14	1	P	3	7	4	2	2	0	0
27	2598.jsonl	confirm_selection	easy	15	1	U	3	8	4	3	2	0	1
264	2598.jsonl	confirm_selection	medium	16	1	V	2	6	3	3	2	0	1
175	2598.jsonl	confirm_selection	hard	17	1	Z	1	3	13	2	1	0	0
255	2598.jsonl	confirm_selection	medium	18	1	I	2	8	4	2	0	0	0
33	2598.jsonl	confirm_selection	easy	19	1	V	1	5	5	4	0	0	1
161	2598.jsonl	confirm_selection	hard	20	1	N	7	15	7	5	1	1	1
33	2599.jsonl	show_gripper	easy	1	1	V	9	25	11	5	2	0	2
178	2599.jsonl	show_gripper	hard	2	1	U	5	13	6	8	1	0	3
257	2599.jsonl	show_gripper	medium	3	1	W	6	16	6	8	1	0	3
215	2599.jsonl	show_gripper	medium	4	1	U	18	24	9	8	0	0	3
203	2599.jsonl	show_gripper	medium	5	1	P	2	7	8	4	1	0	2
210	2599.jsonl	show_gripper	medium	6	1	X	4	11	17	6	0	0	2
158	2599.jsonl	show_gripper	hard	7	1	Z	12	24	9	6	2	1	2
147	2599.jsonl	show_gripper	hard	8	1	N	6	22	10	10	1	0	4
44	2599.jsonl	show_gripper	easy	9	1	U	4	10	11	8	0	0	3
16	2599.jsonl	show_gripper	easy	10	1	I	5	17	8	5	2	0	2
187	2599.jsonl	show_gripper	hard	11	1	F	10	20	13	12	1	0	4
232	2599.jsonl	show_gripper	medium	12	1	L	4	30	11	16	3	0	4
213	2599.jsonl	show_gripper	medium	13	1	W	4	13	6	4	2	0	2
51	2599.jsonl	show_gripper	easy	14	1	N	5	18	13	9	2	0	3
43	2599.jsonl	show_gripper	easy	15	1	T	4	17	12	9	1	0	3
15	2599.jsonl	show_gripper	easy	16	1	L	4	14	7	6	2	0	2
10	2599.jsonl	show_gripper	easy	17	1	Z	2	11	10	9	0	0	4
90	2599.jsonl	show_gripper	easy	18	1	V	5	25	12	11	2	0	2
133	2599.jsonl	show_gripper	hard	19	1	P	4	12	7	8	1	0	3
186	2599.jsonl	show_gripper	hard	20	1	X	4	11	11	5	2	1	1

